crispy,5474
nishna,17773
Rachel,14866
Raagav Kilari,2316
Layla,18653
noorswara,19857
noorswara,19838
sandeep,24935
satwick k,23889
Anagha,28716
avyaan,17218
isha,18361
nishna,24530
priyanka,21567
priyanka,25453
priyabnka,30898
nishna,26182
priyanka (real),32310
rashi,32253
Anagha,34687
rashi,34152
rashi,34520
priyanka,37798
priyanka(real),37470
RASHI,38741
PRIY,38997
SOFIA,34330
Arjun Ram,31865
mrs.vaidyanathan,21252
hello,22632
Manu+Anu,21812
Sadio Mane,35278
Mr.Iq,29023
Vivaan K,23617
ronnie,13958
Shreya,19564
sidharth,43711
sid,40168
shashank,19580
leo,4728
aBINSHJ,38051
LEO,16522
leon,24641
cdfg,34121
sofia,31891
avyaan,17839
